Locus,Direction,Sequence
173,reverse,ACTCAAAAGTTGGGGATTCTAACG
173,forward,CAACACTGTGGAAGGTAGGCT
394,forward,CCCAGGTGACCACAGAGTCT
394,reverse,TGTGTTAAACATTCCAGCGAGC
1221,reverse,CATGCTTACCTGCGCGATTG
1221,forward,TGCAGAGGGGAAGAAAAGGG
1276,reverse,CTCCTCCTCCTCCTCCTCTT
1276,forward,GCAGGGTCTTGGAGGAGGAA
1696,reverse,GCTCAGGACAGCGGCTTATC
1696,forward,TGCAGTGCTTCATCTCAAACC
1824,forward,GCAGCAGCTTCTCCTCGTAC
1824,reverse,GGGGAGAAGAAGAAACCACAG
2097,reverse,GTGAGGAGACGGGGAAACTC
2097,forward,GTGCGGTTTCCTCTCCTGAC
2111,forward,CTTGCAAGTGCCCTGGCCTA
2111,reverse,AAAAGAAAATCTAGGGGCACAGG
2356,reverse,CCCCATCACTGTCTCAAAACA
2356,forward,TGCAGTGGGGAACTCATTTT
2816,forward,CAGTGTGCTACGCGACCTGT
2816,reverse,TGTTTAATTGGGCCATCACTTCAG
2904,reverse,CCCCTATTCATTTCCTGTGTTACA
2904,forward,GCAGTGGACCCTTTGAAAGC
4303,reverse,GGGGAGGACGAGAAACACTG
4303,forward,TGCAGCCTGTCCCGTCATA
5341,reverse,GAGGATCGCAGGCTTAGTCC
5341,forward,TGCAGTGCGGTCAACAGAG
5609,forward,GAACCTTGCATGAGTGAGGC
5609,reverse,TGCACACAAACACAGTATAAAGCTG
6727,reverse,ATCTGCAATCATCTGACAGCAC
6727,forward,CAGCCTGCTATTTCTGTATGTTTAG
6947,reverse,GATGTTGTTGTTGAGTCAGTACGA
6947,forward,TCTTTCTAAAGACCTACCGACTCTG
7437,reverse,TCCATGTGACAGCTTTCCATTG
7437,forward,TGCAGCTCAGTTTTGCTTCC
8309,reverse,GCAAAGCGTACAACAGCATT
8309,forward,GCAAATGCTGTTGTTGTAACTG
8985,forward,GCAGATGGAAATGAGTTTTACTGAC
8985,reverse,TTTGCTATGGAGGTTGCATCTC
9078,reverse,CTCTGTCCATAGCGGTCTCC
9078,forward,GCAGCTGTTGTGCCGAAAAG
10542,reverse,CCAGATGTTATATTGCTCTACGTTC
10542,forward,TGCAGAATGAGAGCCACTTC
11951,forward,GCAGCCCAGTTGTGAATAGC
11951,reverse,TTTTGCATGTGGTTGGTAGGC
12736,reverse,GGAGGTTGGTATGTAACGAGCT
12736,forward,TGCAGTGGTTGTCCGTGAG
12779,reverse,CTTTGACTGTTGAAGAGCTCCA
12779,forward,GCACAAGAGCTCAGGACAGC
13226,reverse,AGAGACACTCTGGCACTCTAAC
13226,forward,AGGGTACTGACGACTGTGTCT
13321,reverse,CATGAACAAATCGTGCACAAGA
13321,forward,TGCAGTGGTGTCTGAGGA
14727,forward,CAGACTGTTTGTGCGTGAGAG
14727,reverse,GGTTTCTCAACACTCTGGTCG
14857,forward,TGCAGCCAGACCATGTGA
14857,reverse,CGTCACTTCAGGATGTGTTGC
14865,reverse,CCTCCAAGGGGTTCAGCCAA
14865,forward,TGCAGGCAGAAGTTGTGGAC
16413,forward,CAGCTCACGCCACGTTATGA
16413,reverse,GAAGCCACGCCTCCTAGTTT
16491,forward,TGCAGTTTCAGATCTAGAGGGAG
16491,reverse,TTTCTAGAGAGATCGGCCAGG
16647,forward,GGGAGGTTGAGAGCCCTGTA
16647,reverse,TCGGAGAGAGGGAAAGACAA
17841,reverse,CGATCTGATAGGAATATGCTGTATG
17841,forward,GGGTGGTAATTAGTGGTGCCT
19009,forward,GCAGATTGGAGAGGTGATTGC
19009,reverse,GCGAATGAACAGATTATGATTCTCC
20315,reverse,CGTATCGGTGGAGGATGAGT
20315,forward,TGCAGGATCATCCACGACTT
20626,forward,CAGAGTTAATGCAGTGTCAGTAATG
20626,reverse,GTGGAGGATGCTGGGAGATG
22085,reverse,GAATAGGGTTTGTTGCAATGTGTTG
22085,forward,GTGCTCACTGTAGGAACATGC
23433,forward,CGCCTGTGCCATCTGTTCT
23433,reverse,GTCTGACTGTACAAACTGGCAC
23698,forward,TGCAGAATGTAAACCTTTCCAC
23698,reverse,TGCTTAGCACCCTCACAGG
24483,forward,CAGCATTTCATCCACCGCAG
24483,reverse,CTTTCCCAGGCACGAGTGTC
24661,forward,TGCAGTCTTACATCGGCGT
24661,reverse,TGGGAACTTCGTGGTTGATTCA
25207,forward,GCAGTAATACGAATGTGCCAGAC
25207,reverse,GCTGTAGGAGAAGCATTGGC
25392,forward,GGTGACCTGCTGTAACGTAG
25392,reverse,TCGTCTCTGAAGCACTCAAATC
25515,reverse,AGTGGACCCCTGATTTGCC
25515,forward,TGCAGTGAATGGAGATGGATAGA
25590,reverse,AGTACGGAAACTGCTTTGTTACC
25590,forward,CTGGCAGGACAGGAAAGGCT
25772,reverse,AACTGCCTGTTCTTCGCC
25772,forward,TGCAGGTTTCTACACCCCAC
26982,reverse,CAATGTGCTGCTGTCGCTAT
26982,forward,TGCAGTGACAAGCTGGAG
27186,forward,CAGCACAGACCCACAGGACA
27186,reverse,TGAGGTGCTATGATCTGAGACG
27371,reverse,GAGTGTGCGGACCGTGTATT
27371,forward,TGCAGCAGTGTATCGGAC
28637,reverse,GCGCATTGGTTTATCTGACC
28637,forward,TTTGTCAGTGTGCATCTGTTTCG
29358,reverse,TCGTCAGCCACATCCAGAC
29358,forward,TGCAGAGATCCATAGGGCA
30792,reverse,CCATCGCAGTAGAAGGCATC
30792,forward,GCAGGAAATCTATGCAAGTGTCT
31195,forward,GCAGCAACTGTGACTTAGCAC
31195,reverse,TGGGTCCTTATTCAGAGATGGA
31892,reverse,ACTGGGTTCTTAAGTCTCATCACA
31892,forward,TGCAGAGAGACACATTCTATGACA
33776,reverse,AGAGGAGAAGACGCCATGC
33776,forward,GGATTCCCAAACCCGTCCTG
34354,reverse,CCTGTCTGTTATTCTAACACAGGGA
34354,forward,GCAGGAACAGTTCGTCGAGT
35670,forward,TGCAGGCTGGTTCTGAGCTC
35670,reverse,GAGATGGTCAGATAAGCCGTGA
36403,forward,AGTCCCCTGGGCTGTGTTCT
36403,reverse,TGGATACCCATCAGCAGCAG
37641,reverse,TCAATCAATCAAGCAAGCAGTC
37641,forward,TGCAGTTTGAGCCAGGTAAC
38122,forward,CAGAACCTGAGAGGATGAAGAA
38122,reverse,TCTACCCTGCAATAGACAATACAC
38356,reverse,CTCAGCGCCCTCAACCAAAA
38356,forward,GTGAAACATACCTGCTGATAAATGAGC
39715,forward,CAGTACTCCCTGGTGTCAGT
39715,reverse,CTCCTTTGCTCAGCATCTGA
40521,reverse,GCGAGGGTGAACACTGTGT
40521,forward,TGCAGCATTCAACAGCTACA
40730,reverse,CAGCATCCAGGGTGATCTGC
40730,forward,CATCACCCCGCTGTCCTTT
41797,reverse,CTAGCTCTCCTGCACTGCTC
41797,forward,CTTACCAGCACAAAAGGACTGT
45414,reverse,AGCGAGGAGTCTCAGTCCCA
45414,forward,GCAGGGATGGAAGCAGTGT
46045,forward,CAGTTGCACCCACTTTCTGA
46045,reverse,TGAGTCATGTGTCTCAGTGATT
48944,forward,AGGCCGATGGACTTAGCTGA
48944,reverse,CTGTAGATCAGCAGGCATCCT
51076,reverse,CATTCGGCTTGGCAAGATGT
51076,forward,TGCAGTGCGATTTATCTTCTCC
52395,reverse,GCTACTGCATGGCCATTGC
52395,forward,TGCAGAGCGGACACTACTC
57640,reverse,CGGGATCAGTGGGTAGTCTC
57640,forward,GCAGATATGGGAGTCGACCTG
62124,reverse,CTCCCAAGCAGTCCTCCCAT
62124,forward,GAGCTGCCTCTGTCTCCATC
64761,forward,GACCTTGAATGTCTTTCCAGCA
64761,reverse,GTGCAGATCGACACAGTCAA
65577,reverse,CAGACAACTCTGTTTAGCCTTCC
65577,forward,TGCAGTCAGGTAAAAGCAGT
66608,forward,CAGTTCCCCTGCATTCGTGC
66608,reverse,TCACCTCACATATGACAGACAG
66761,reverse,GCACGTTTTAAGTACACGAATGC
66761,forward,GCAGTAAGTTGGAGAACATTTCATC
69444,forward,TGCAGTAGAAGAGCATAGAGAACA
69444,reverse,TTGACCCAAGATCCTTCATGGT
70047,reverse,ACTGAAGTGCTGCTTAAGAAAGG
70047,forward,GTAAGCTACCAATATGCTGCTGT
70064,reverse,CCTATGCGCAGAACAGTCCC
70064,forward,GGGGATTCCTTCGAAGCTCT
71266,reverse,GCTCCTGCACTGGGAAAGAT
71266,forward,TTTACATTGTCTAAAGTGCGGCG
72833,forward,CAGAACCACAGGCGCCCTAT
72833,reverse,TTTCAGGTTCTTCTAAGTGGCCA
72997,forward,TGCAGTCGTCAGTGGGGTT
72997,reverse,TTCTCAGCAAGGAAGCCTCG
73694,forward,GCAGGTATATCCAGGCTGCC
73694,reverse,TGTGCCTTGGCGATGCTCA
73862,reverse,GCAAGAGACTGGGTCATGACT
73862,forward,GCAGAGCCCTAGGGTAGACT
74259,reverse,CAGAATGAGAATGCAGCTTTGTG
74259,forward,TGCAGGTTCACAGAGTTTGC
75068,reverse,CTAGAGTTGTTAGACATGTGATTGC
75068,forward,TGCAGGGCCTGTGATCAAG
75784,reverse,CTGGTTGCCTGAAATAGAAATGTAACC
75784,forward,TGCAGACACACACATCGTC
76267,reverse,CGTGAGCGTTTTGTTTTGATGG
76267,forward,TGCAGTACACAGCGTGATGT
76298,reverse,CAATGGGCTGGATGAGATCT
76298,forward,TGCAGAGCCAGCGTAGTTC
76903,reverse,AACAGATCACTCGGCCACAC
76903,forward,GCAGTAGGCGATGTGTCAATC
76967,reverse,GGGCTTAGGGTGGCAAATCC
76967,forward,GTGTACACCCTTGAGCTCACT
77183,reverse,AAACCAGCCAAGCACTGAG
77183,forward,GCAGTTTCTCAGGCTCTAAAATGT
77394,reverse,CTGACAGAGCCTCCCACTGA
77394,forward,GCAGCTATCAGGACATGCAA
77507,reverse,GCTGTTTAAAGCGAGCAGGG
77507,forward,TGCAGTTCAGAAAATTCAGCTTACC
78364,forward,AGCGTCTCCTGGGTCTGTGA
78364,reverse,TTTCTACTGTACAGACTGGCTATTC
78676,reverse,CCCATGGTTATACACAATCAGAGC
78676,forward,TGGCGCTGTGACATTATTTTAC
78863,reverse,ACAGGGGTCTTCCTTTGTAGC
78863,forward,GCTATGCCTTCGTCCACATG
80091,reverse,CCTACATGGCTGACTTGAAGAG
80091,forward,TGCAGCCAGACTTCCTCTC
80681,reverse,ATCCAGTCCAGGGCACTCT
80681,forward,TGCAGTGAAGTGTGTGACAGA
81278,reverse,CCAACACCTTGCGCTTCTAC
81278,forward,TGCAGGCAGTCTGTCAGCAG
82686,reverse,CTGGAGAGGAGTGGAGACA
82686,forward,GGCCATTCCACTCCAGGTTT
82951,reverse,CTGCGTCTTACACCCTCTGG
82951,forward,GACTGCAGTGCCAGAGAGAC
83717,reverse,GGGATTTAGATTGGCTTCTGC
83717,forward,TGCAGTATTTCAAGAGGCTCA
84239,forward,CAGCAGCTGGAGGAAGAGTT
84239,reverse,CCCTCAAATTGGGCACAACC
85005,reverse,ACATAACTGTGGGCTAGTGGAG
85005,forward,TGCAGTTCCCATCTCGAGAA
85621,reverse,CAGCTTTGTTTCCGTGATGCA
85621,forward,TGCAGGCTGACTTGTTTTCT
86082,reverse,AAGCCTGGCTGCACTGCTT
86082,forward,TGCAGGGTGTGTCAGTGAGT
86290,reverse,AAAACAAACGGCAGCTTGATG
86290,forward,TGCAGTACAGGCATTACGC
86666,reverse,AAATTCCTACAGCTGGTAATTGTGC
86666,forward,GCAGTTTACTTTGCTATCACATGGT
86792,forward,CAGGCAGCAAACACAGCAAG
86792,reverse,CATCACATCCTCCCCAGAGC
86917,reverse,GCTTCCTGCTAATGTACAATACCA
86917,forward,TGCAGACTGACACCTCTGA
88299,reverse,GCAATAAGCCGTGTGACTGC
88299,forward,GCAGCCTTGGTTTTGCATT
89250,reverse,TGATTTGTTCATTCGAGGGTGC
89250,forward,TGCACTCGTGTACTGTCTG
89654,forward,CAGAAGCAGGGATCATCACA
89654,reverse,GTTCACCAGCATTTCTACAGAGC
90137,reverse,CTGGTGGAGGCCATGAACAG
90137,forward,CTGTTGAGGAATCTTGCCGT
92468,reverse,CCAGGAGAGCACTGATGGAC
92468,forward,GCAGTGTCTCCTACCATGCC
92943,reverse,GCACAATACAGGAACCCCAG
92943,forward,TGCAGCTGTTCATTGTAAGC
94235,reverse,GCCAAAGCAGCAGAGGAAGA
94235,forward,TGCAGCTCTTCCTCTCGCT
95261,reverse,CAACAATGGTAAGGTACGGGG
95261,forward,TGAAGCTTCAGGGTCCGTGA
95627,forward,CACAGGCCATCATGCACTTC
95627,reverse,CTTTAGTCTTTTGCTGAACGTGTG
96273,forward,TGCAGGACAGTCAAGGTGAT
96273,reverse,CGTGCTGATTAAAAGTGGAAGGG
97417,reverse,CATTGGCTCTGACGGGTCA
97417,forward,TGCAGGTGAGCTCAACGGAT
97788,forward,GCAGCTCCATCTTGTAGTTGC
97788,reverse,TTGGCTATGATGGAGGAGAATGA
98248,reverse,GACAGCGACTCCCTCAAACT
98248,forward,TGCAGTGCAGTGAAGAGCTT
98530,reverse,CCAGAGAAACTTTAAACTGGTCTG
98530,forward,GCTTTAGCCACGGTGTAAGT
98934,reverse,CACAGTTGCCGTGACTCTCA
98934,forward,TGCAGGTGGGTTCGAAGATC
99596,reverse,GTGCATCACCCTGGGCAGAT
99596,forward,TGCAGGCAGTTTACTTGGC
100484,forward,CAGTGTGCTTCAGATGAACAAG
100484,reverse,TCCCTGTAACTAACTGCAATGT
102026,reverse,ATGTTTACTTACAGTGCCATGGTTG
102026,forward,TGCAGTTATGTTGGAGCACTG
102692,reverse,AGCATTGAAACGCACTGAATG
102692,forward,TGCAGTGTCTAAAACGATACCC
103001,reverse,CTCTTTCAACCGCACCAAACC
103001,forward,GCAGCTGCTGAAATCAACAAC
103177,forward,AGACTTCTGACGTTACAGTATCCA
103177,reverse,GCAGTAGCTTGCCACACAGT
103330,reverse,CAGTGGTCGCTGTTGTGGTC
103330,forward,CTACAGAAGCCCATCCGCTG
103354,forward,AGGCAGCAGTCACTAGAGGT
103354,reverse,TTCTCCGGCAACAACCATCC
103542,reverse,CCTAAATGAGGCTCACCACTCC
103542,forward,GCAATAGATCTGCCCGAGGT
103893,forward,CAGTGTTTCGTTGCCGCTC
103893,reverse,TCTGGCTTAATCAAGTACAGTCCT
103944,forward,CAGTTTTGCCTCTGCTGGG
103944,reverse,GCCTAGAAGGTTTGGGAAAGTG
104423,reverse,AAATAATTGGGGTCATCAACTCTGG
104423,forward,TGCAGAACACTACGGCCT
104460,reverse,CATGACTCCAAAGTTCGGGG
104460,forward,GCAGCTCAGCTCCCATAGAC
106646,forward,AGGTGAAGACGTGGCGCAT
106646,reverse,GAGGCAGGGCTGGACTTGAT
106830,forward,GCAGTACTGGAACATGTGTAACTG
106830,reverse,GGAAGGAAGATGGAATGAAACC
107147,reverse,CTGGATGTCCTGGGCAACGA
107147,forward,GAGGAGCAGGAGACGAAGCA
107163,forward,TGCAGAAATGACCATGGACCA
107163,reverse,TGTGATCAGACTGCCTACCC
108430,reverse,CCCCTGTAGTCACTTCTCGAG
108430,forward,GCAGGTGCTTGTTTGGCCAA
108727,reverse,CAACGCAAATGCTGTACCTT
108727,forward,TGCAGGAACGGTGTGATGT
108784,forward,GCAGCAGAAGTCCTCCACAT
108784,reverse,TGGGGACAGGACATTTTGGG
109798,reverse,TGATACTCATATGCGCCAATGT
109798,forward,TGCAGTCACTAGTACAGAAACAGA
109895,forward,GCAATGATACAATAGAACTGTAGCCC
109895,reverse,GGTTGTTTGTGTCTCCTTCATGT
109991,reverse,CTGGGTACTGTCCACCTCCT
109991,forward,TGCAGTGCTCTCTAGTGGCA
110147,forward,CAGTGGGTTCGGTCCTCTTG
110147,reverse,TTCCTTGTGGTATCTGCTAGGC
110285,reverse,AAAAGATCCAGCAAGCGTTCA
110285,forward,TGCAGCTGACTCCTACCCT
111616,reverse,CAAGTGACTACAATGACCTTCTGTG
111616,forward,CAGGTCAGACTGGTGGGAGT
112179,reverse,CAGCCACAGTAGCGATCCAG
112179,forward,TGCAGTGTTTGTCGCGTTTG
112249,reverse,CAGCCGTACAGCAGCAGGAT
112249,forward,TGCAGGTGGTGTTCAGAGC
112471,forward,TGGAACACAAGGAAGTTAAGTGAC
112471,reverse,TTAAAGTCCAGGGCTTGTAACC
112682,forward,AGGCAGTCTGTTCCTAATCATCA
112682,reverse,GTGCCTCAGTACAGTCTCCA
113029,reverse,GCTGAGGCGTTTTGAGTGC
113029,forward,TGCAGCCTCTCTCTCGCTT
113204,reverse,CAGTACACCCAATAACACACTATCT
113204,forward,GCAGTACATTAGTGTTCGTACAG
113604,reverse,GAAGTCAGCAGTTAATATCAGTCC
113604,forward,TGCAGTGAGATGTCGTTCAGT
114406,reverse,CGGGTGAGTGAATTGCAAGC
114406,forward,GCAGAAAAGCCAGGTTAGTACA
115086,reverse,GAACACCAGACTCTGCTGTCA
115086,forward,GTGCAACAGTGGAAGAATGGA
116409,forward,AAAACAACCCAGGCTCTCC
116409,reverse,GCCCCTAATGCCTCTTTTCCA
116416,reverse,ATGCGGTAGACCATGTGTGA
116416,forward,TGCAGATGTTGTAGAGGTTGCA
116789,forward,GCAGTTTCTCTTCTCACAAGGC
116789,reverse,GGAGAAGACGGCAAACCTAA
118870,reverse,CAGGAAGCTTCTTGGGAAATGT
118870,forward,TGCAGGCTACAAACAGTCATG
118908,reverse,GGTAACCCTGCGTGTCGATC
118908,forward,TGCAGTGCAAGCAATAAGGA
118954,reverse,AATTGTCAAAGCGCTGCCTG
118954,forward,CCTGCCAGTCAAAAGGGGTC
119274,forward,GCAGCAACAGCTACTCCTCA
119274,reverse,GCCCTGCCTACCTTAGCCAA
119618,forward,GCAGCAGAACCAATATTGAACA
119618,reverse,GCAGCCTTCTTCAAACCTGA
119745,forward,CAACCAGGCCTGCTACGACA
119745,reverse,GCGTGCACACCAGGATGATC
119988,reverse,ACCAACTGCTCACCACTATCTC
119988,forward,TGCAGCCAGAGGACAGTCAG
120156,forward,GAGAAACGCGGCTTACCTCA
120156,reverse,TCGGCACAGATAACCCATGT
120284,reverse,CGACAGAGTACTCCTTTAGAAATTCAG
120284,forward,TGCAGTCGGTAACTATCCAACA
121487,reverse,ACAGGGACGCATTTTACAAAAC
121487,forward,TGCAGAGTCACTTCCAATAGG
121790,forward,TGCAGCAGTTCACACAAATGA
121790,reverse,GAGCCGCACAGTCATTATTGG
122529,reverse,AAAGGGCGGAAATAGTGTTCG
122529,forward,GAGCTGTCTGTGGTGCTGAA
123340,forward,CTGGTTTTCAGTGTAATGGGGC
123340,reverse,CTTCCTGGGCTTCTTCATGGT
123778,reverse,AGAGAGCATATGGAAACTTTTCAGG
123778,forward,TGCAGCGGTGGAGTGAGAA
124259,forward,CCTACACCTGGCCAACTGAA
124259,reverse,GGAAATCGTGGTACCCTCTTTG
125403,forward,CAATCTGGCTCACGGTGTGT
125403,reverse,CTTTCGCAAGGAACCTGAGAG
125469,forward,CAGCCTCTGTGTGCATCTCT
125469,reverse,GAAAGAGACAACAGAAGATGAGAAG
126372,reverse,CTCCACATCCTTCAGCTTCAGT
126372,forward,TGCAGTATCTTAGTGGCTTTCC
126837,reverse,ACTGCACACATCTTCACTGGA
126837,forward,GCAGATATCAGAACCCATCTAGTCC
127366,reverse,TCCTGTGTTAAGTTTCTGCTCCT
127366,forward,TGCAGAGCAACACAGGGAC
128060,reverse,CATCAGCTTGTACTTGCACTGA
128060,forward,TGCAGGTTAACGTGATTGGA
129011,reverse,CAGGGCAATGAGAGAACTTACAG
129011,forward,CAGTGGACAAGGCAGCTCAG
129033,reverse,ACATGAGTACGGCCCCTTAC
129033,forward,GCTCCTGGCTTTCATCCTACT
129297,reverse,ACATGAGTCCCGATCACACG
129297,forward,TGCAGATATGAAGATGGCCAAGT
129395,reverse,CCCAGAGTAATACAATCAGCTTGC
129395,forward,TGCAGACGAGGCTGTAACC
129404,reverse,GCACTGTCCTTGCACCACA
129404,forward,TGCAGTCCAGTCCGAAAGC
129631,reverse,TCGGAAGATGGGACCCAAGC
129631,forward,TGCAGGTTGATGGTATCCCT
131050,reverse,AACATTGTCTCCAGAAAACATCCAC
131050,forward,GAAACTCTTTCTCAGTTACGTGGT
131124,forward,CAGGAGCATTCATCAAGCCA
131124,reverse,TTTTGGAGGAAGAAAGCAGACAC
131200,forward,CACATGCAAATCCCACCATCA
131200,reverse,TGAGTCTCACTGAATGGATCAAACT
131314,forward,TGCAGCGTCCAGAATACAG
131314,reverse,TGCTATGCAAAATGGATAAGACGC
133085,forward,TGCAGAAGTGAAATAGACCTGAGA
133085,reverse,TGTTCTTCAGTCCTGGTCACC
134345,reverse,GAATGCGTACGTGAGGGGCT
134345,forward,TGCAGTAGAGAGGCTGGAG
134507,reverse,AGGAGGATCATGGTGGCGA
134507,forward,TGCAGGCAGATCATCGTCTC
134841,reverse,CCCTGAGGTGACCTGACCAA
134841,forward,TGCAGCCTCACACTGTGCT
134989,reverse,AGGACCTGTACTCCCTGACG
134989,forward,TGCAGGTCTGAGTAGGTGTAG
135412,reverse,GGGGTATTAAGGTGCAGCTTG
135412,forward,TGCAGCAAGATCTCATTCAGA
136807,forward,AGCTGCAGAGAGTTAAGAGAGT
136807,reverse,AAAGCAAATTACTCCCTGGGT
138205,reverse,CGGTCCGCTTCTTTTCACTC
138205,forward,CTTGCCTGTAAGCTGCACA
139982,forward,GCTGAAGAGAAGCTCAACATTGT
139982,reverse,GGTGTGATAATATTGTACCAGTGTAGG
140082,reverse,GGAGGCAATCAAAGACGCAA
140082,forward,TGCAGCAGTAGTGTTGGTAAC
140995,reverse,ATCACTGATTGGGGAGGTGG
140995,forward,TGCAGCTGATCTCCTCCTA
141828,forward,CAGCCGTTTCAGCCCCATA
141828,reverse,CTGTCACAAGGATGGCTTTGAG
142878,reverse,GAAATGTACAAACACGCATACACAC
142878,forward,TGCAGAGAAAGTCAGCCAG
143772,reverse,AGCAAGCTGTCTTTAAATGTGCC
143772,forward,TGCAGGGATTGAATCTGAAAGC
144537,reverse,CCAGCCTTGGCAATTACCCA
144537,forward,TGCAGGCTCGATGGATTGG
145048,forward,CAGGTTTGCATTCCACCCCA
145048,reverse,TGGACAGGGCCATAAATCACC
145215,forward,CGCCATGCTGTTCTTGCTTA
145215,reverse,GCTCACTTCCCTCACACACT
145601,reverse,ACATAGCCCACAGAGATGTG
145601,forward,TGCAGAGACACATTCCCCTTC
145754,reverse,CGGGTCCCTGCCTCCTATTA
145754,forward,TGCAGGCTCAGTTCAACAA
147347,reverse,CCAGGATTAGGTGGAAGTTGGC
147347,forward,TGCAGTCCACAGTTGCCAC
148263,reverse,CACCTGGGAGAGCCTTCTAC
148263,forward,TGCAGGGGTCAAAAGCGAC
148621,forward,AAAAGAAAGCCAAGCATAGCTG
148621,reverse,TTGAAAGCAGGTGAGGGAGC
149518,reverse,GAATATCTTAAGGTTGACTCTACGCAC
149518,forward,TGCAGGCAGTGATCAGAGAA
149583,forward,CAGAATGCTACAGTCTCTTCAATG
149583,reverse,CAGGAGGTGGGGTCATAGTC
149751,reverse,AACACAGTAAAAGAGTTCCCCAC
149751,forward,GCAGCACAGAGGACCCTTTT
149813,forward,ATGGCCCACTCTGGTCTCCA
149813,reverse,GCTGGGACCCTTATACACCAC
151224,forward,GCAGTTATTCCATGCTGGCC
151224,reverse,TTCCAGGAGACAACAGAGAGTG
151393,forward,GCAGTCTGTTTGAGAAGGCG
151393,reverse,TAATGGGCTCGGCTCCTAAT
151491,reverse,CATATTTTGCCGAGAGAAACACGA
151491,forward,TGCAGAGCTGAGCTAGACAC
154292,reverse,GGACCCTCAGGATAGGCAAG
154292,forward,TGCAGACACCCCAAAGCA
154336,reverse,AAGCTTCCTTCCGCAGCAAT
154336,forward,TGCAGCTTTTCATGTGCTCA
154640,reverse,AAAACCACAACGTTGCAGCA
154640,forward,TGCAGCATGTCATGTTTAAGTG
154807,forward,AGAACATGCTCTCACCAACA
154807,reverse,GTAATTGTTCAACCCCTAGTAAGTACC
156765,reverse,CTGATGTGGACAAGCTGGGT
156765,forward,CTTGGAAAGTAAGGACAAGTTAGCA
157188,forward,GCAGGAGAATGTAAACAAACAGTAC
157188,reverse,TGTACACTACAACAGAACCGCC
157393,reverse,CCGTTTGACACTCTGCCCTA
157393,forward,GGAACACTCTTCCAGCGTGG
158643,forward,AGTGAATCCAGCTCTGCTCC
158643,reverse,GCTTCCTCCTGCGCAGAAA
162458,forward,CAGACAGTTGCAGGAATGCT
162458,reverse,CCAACGTTAATATTAGATCCAGGCT
163964,forward,ACCCACCATGCAGCCACTT
163964,reverse,CTTAGGTCAGCCAGGGTGTC
164057,forward,ACAGGCCAACCCAGTGAAG
164057,reverse,AGTGTTGCCTTGAGACGGG
164183,forward,GGCACCACCACCCTGATATC
164183,reverse,TCAGAGTTAGTCCCCAAACACT
165362,reverse,GACCAAGGCGAGGGACAAGA
165362,forward,TGCAGTAACTGGAGAGTGGC
166701,forward,GACGGATGCGTCAGAGACAG
166701,reverse,TCGATGGTACTATAGAAGGAGCT
166914,reverse,GGACTTGTCCGCATTCAGGA
166914,forward,TGCAGATCTCGGGGTTCCAA
167554,reverse,CTTGCCCAGGCTGTTGCAAC
167554,forward,GCAGAAACCTCTCCAGTTTGC
168038,reverse,CCACAATGGCGCCGTTTTC
168038,forward,CGAAGCAGCCAAGACGTTATG
168486,reverse,ATAATGGGGTGGTTATTTGTGTGC
168486,forward,TGCAGCCTTTGTTTAATAACCCC
168589,reverse,AAGCATGTGGACTGTGGAAC
168589,forward,CAGGAGAACACAGGCGATGC
171007,reverse,GTGATCCAGAGATGGGGAGC
171007,forward,TGCAGCCAAGTAGTTGATTACC
171098,forward,ACTACAGTGGAATGCACATGT
171098,reverse,GCAATGCAGCAACCTCTATCC
172088,reverse,AGTTGAATGATTTAACCCTTGTGCC
172088,forward,TGCAGAGGATGTTTTGGGG
173303,forward,CAACTGTGGAATGATGGAAGATC
173303,reverse,GAGATCCTCAAGCTGGGTAAG
175109,reverse,AGTGGATGACATTGGGCTTCC
175109,forward,GCAGTCTCCCCAAGTTTTGC
175364,reverse,GCCTGTGCCAGAATATACTCCT
175364,forward,TGCAGGTCACTCCAATGTC
175425,forward,CGACGCCCATTCCAGAATCA
175425,reverse,GCTGGAACGATAACTGGAGTGA
175653,reverse,AGGAGGGCGATGGAGATCTG
175653,forward,GCAGGGGTGTCTGGAGAAGA
175821,reverse,AACCATAAACGAAGGAACAGATCAC
175821,forward,TGCAGATTGGAGGAGTGGTT
176771,forward,GTGTACTGACCACTGCGTGA
176771,reverse,TGGCACTCAGAACCTGGCAG
176781,forward,GCAGGTGCTATCATTTCACAGC
176781,reverse,TGAAAACTGCCACCATTAACAGC
177433,forward,TGCAGTGCCACAGAAAGGAA
177433,reverse,TGGTTAGAAGAGCTGCTGGT
178460,forward,CAGGATTGCCAGTGTTCTTATTAGT
178460,reverse,GAAGCTCTTCAAGGCATTCAGC
178656,reverse,ACTCCGCAGTCCACTTCTCT
178656,forward,GGACTAGTGTAGTACAGAGAAGGC
178921,forward,TCTCAGAAATTGTCACGGATGT
178921,reverse,TGGAACAGCCCACTTTACTATCA
179067,forward,GCTCATGGCTATGTCTCAATCA
179067,reverse,GTCTGCGTGAAGGCTACACT
179096,forward,AGATTCACTGCGGACTGACC
179096,reverse,CAGTCTTAGAAAAGGTAATAGCTGGTC
179134,reverse,ACAATGTGTGCAGCTATATCTCG
179134,forward,TGCAGTTGATCCAGGAAAATCAG
179192,reverse,CCTGCGCATTCTCTACCCTT
179192,forward,TGCAGAACAGCTAATCTCTTTACTG
179378,reverse,GTGACCTCGCCTGCAAGATT
179378,forward,TGCAGCACTAAACTCCTGTAA
180775,reverse,ACAAAGACCCAATACATTCGGA
180775,forward,TGCAGGCAGTTAAAGGGTACA
181102,forward,AGGTGAGTCCCTGAGTAGC
181102,reverse,TGACATATCTCTCTCAAACCTGCA
181309,reverse,GCCAGTGCAAACTCAAAGCT
181309,forward,TGCAGGCAGATCACTACAAGT
181510,reverse,CCTGTCCTGTGCTCTGTTCT
181510,forward,TGCAGGTTTAACATACTCCTTCTG
181871,reverse,CCTTAGGTCTGTTTTGGTTTGTGT
181871,forward,TGCAGCTTACTCCATCCCAT
182368,reverse,AGGTCCACTGTCAGCTGA
182368,forward,CCAAGCCCAGCTCAGCAAAG
182568,reverse,TCACAGAAAACCTTATTGCTCTGC
182568,forward,TGCAGGCAGGATATTCAGCT
182574,reverse,TGAGGTGCAGAGAGAGGCCT
182574,forward,TGCAGGTACTCCACTATCTTGG
183427,forward,AGTCTACTGGAGATATTAGAGGCA
183427,reverse,AGGAGGTTAGGGCTCTGGCT
183930,forward,AGGCCCTTAATCCTGTCGTG
183930,reverse,GGGTATTTAGATCTGCCATTTTACACG
184002,forward,CAACTTGCTGGTAATACGGAATAAG
184002,reverse,GCCTAGCTTTCCCATTCCTACA
184904,forward,ACAGTAAATACCAGCACACATCTTC
184904,reverse,TGGAGCGCGTTGTCTCACA
185018,reverse,GCACTGAGGCGGACAAGAT
185018,forward,GCAGCTGCTCGATCCTTCT
185313,reverse,AGGTTAGACGTCACTATCATGGC
185313,forward,TGCAGCTGAACAGTTGGGC
185999,reverse,ATTCCCTCACAATGTTTACCCT
185999,forward,TGCAGCAGAGTCGTGATCT
186276,reverse,AGCCTGCCTCTGTAAAGAGC
186276,forward,CAGCAGCAAAATAACAACACAG
187329,reverse,AGAGGCGCAGGTGTTGTTTT
187329,forward,TGCAGGCGGGATTACAAAGT
187594,reverse,GGAATAAAAGCAAGGCCTCTCG
187594,forward,TGCAGAAAACGAAGACTGGTC
188473,forward,GCCTCCCTTATATCCACCTGC
188473,reverse,TGGTTTCTGGCTCCCTGGAA
189526,forward,TGCAGTACAGATTGGGTCTAGT
189526,reverse,TTATACAGCCCCGATTCATAAAGAG
189924,reverse,GAGGTGAAACAATACAACTAAACGAGG
189924,forward,TGCAGTCACCAGTGTTGTCT
190189,forward,TGCAGATGGGAGAGGCAATC
190189,reverse,TGGTTCAAGGTGTCGGGGTT
191677,forward,TGCAGGCAGGGATTTAGGTG
191677,reverse,CGACTCCTATGAAAGCAAAGCTG
191724,forward,AAATACCTTTGCAGCCAATCCTG
191724,reverse,AGCGTGATAGGTGCTGCGT
192192,reverse,CCATTAACCAGGGAACGAGT
192192,forward,GCTCAGGGCCTTAAATCGAC
192277,forward,GCAGTCCTGTCTCTAGAGGC
192277,reverse,GTCTGGCCCTGTGGAAACA
192361,reverse,AGGAACATTGAAACAGCTGTAAAGC
192361,forward,TGCAGGGTGATCAATTGCAG
192751,reverse,ATCTTCAGTGCTCTCGATGGG
192751,forward,TGCAGACTGAAGGTAGGGCT
193380,forward,CTGGTCAGGGTTCAAACGAA
193380,reverse,GAAACCAGGACCGTCCATTACA
194077,forward,GCAGTTAAGCAAATTAAAACGGTCACC
194077,reverse,TTATCTGGAGCACTGCAACAAC
194185,reverse,ACCAGTAAGAGGATGATGGTTCT
194185,forward,CAGACTACTGCAAGGAAGGAA
195175,reverse,ACCACAGATGTATCCAACTCAGG
195175,forward,TGCAGTTCCAAAATATTGACGTGG
195286,reverse,GTACATTGCTATTAATAGACCCCTGTG
195286,forward,TGCAGCTTCTTGTGTCTGAA
195392,reverse,GTCCCCATGACCCAGAGTGT
195392,forward,TAAGTCACACCAACATGTTTACTGC
195947,reverse,AGTGGGTACTGAGGCATGCT
195947,forward,GAGCTCTACTCCTCTCACAAGA
195962,reverse,GTTCCTAATCAAATATTGGACTGGC
195962,forward,TGCAGCGACATGTTTTCCTT
195985,forward,GCAGCCTAGCACTCTTACTG
195985,reverse,TCAGCAACTGAAATCACAAAGTGTC
196314,reverse,AAGTTTCTCTCTCATCTCTCATTGG
196314,forward,TGCAGTGCTGTTCTGATTCA
196364,reverse,CCATCGGAGCCCAGAGTATG
196364,forward,TGCAGTTACCTGGGGTAGAT
196510,reverse,AACGGTGTGTTGAGAGTGCG
196510,forward,TTTTCAAAGCTGGACGTGGA
196595,reverse,ACTGGTACTGGGCTTTTACC
196595,forward,AGCCTGCCTGTTTTACAATGC
197540,reverse,AGCTCCGCGTTTCTTCTTCT
197540,forward,CAGTAACATTAACACACGCAGACA
198066,reverse,CCAGGCAGATCAATGGTCTTCT
198066,forward,TGCAGGTGGTACTAGTTGGA
199080,forward,CCACCTGCCTCATCGAGTTG
199080,reverse,CTGTACGGCCTGCAATGCAA
199492,reverse,CAGGTGTGCATTCTCAGGGT
199492,forward,CAGTAGGCTGGCACACCTTC
199494,reverse,ATGCACAGGTGTACAATATCAGAG
199494,forward,CAGCAGCCAACCTATCCGTG
199513,reverse,AGTAGTCAATCTTCCCAGGAGTG
199513,forward,GGTCCCTGGATGTTGTTTTAGG
200666,reverse,CAGCCCTGTTACAAGACCCA
200666,forward,CTAACCAGCTTCAAATTTCACACG
200752,forward,CCCACCGAGTCCTCCATGTA
200752,reverse,GGAGACAAAGTTCACCTTCTGC
201085,forward,CAGTCGAGGAGGGTTGAACC
201085,reverse,GCACCCTTTGATCTCTCTCTGT
201447,reverse,AGTTTTGAAAGAAGGAAGTCAGCAC
201447,forward,TGCAGTGCAGAGTGAAAGC
201780,reverse,TGATCATTGGTGCGTTGCA
201780,forward,TGCAGAGCAAGAAGAGCAGG
203507,forward,AGGGAAGGTCCTCATCCGTC
203507,reverse,CTGCGCCTTCCCGAATCATT
203843,reverse,GAAGCATCTTCGAGTTTTCCGT
203843,forward,GCTGCAAGGGAGCTTGGAT
204764,reverse,CCATGTCTGGGAGGTTACTAGAC
204764,forward,TGCAGGAATTTCTTTAAGCGTG
204996,reverse,ACGTTGATCCTAATCTTGGCA
204996,forward,TGCAGACAAACAGATGCCTC
205283,reverse,AGACCTTTCGAGTTGCCCAT
205283,forward,GCAGGCTGAACTTGTTTTACCG
205905,forward,CAGCCATCTCTGCCACACA
205905,reverse,GATTGCAACAGGGATGTAGAAAC
206345,reverse,GTACATTCTCAAGTGACTCAGTTTCC
206345,forward,TGCAGATCCCCGAGCAGATA
206872,forward,GCAGCCCTCATGTCCACTTA
206872,reverse,TGCCTTCTTCTCTTTACCCACA
207536,reverse,ATCAAGCCAAACACTTCTTTAGAGC
207536,forward,TGCAGGGCTGGTCTTTGGTC
207704,forward,CAGGACACCGCCGACTGTTA
207704,reverse,CCATAACTGGTCCTGCTGGC
207766,reverse,ACGCAGTTACAGCACAAGGT
207766,forward,TGCAGACTCCAAGCTAAACGT
208214,reverse,GCAAGAAGGACTCCTCATCCC
208214,forward,TGCAGAAGTCGACCAACAG
209183,reverse,ACTCAGAGAGAAGGAAAGACAACA
209183,forward,AGGTCGACAGCCTCCTAAGT
210123,reverse,CAGGGTTCTGTTCGACTTATCT
210123,forward,GCAGCTTTAGTGAAGTGTGCG
210146,reverse,ACTGTTGGTGGCTGGTGTC
210146,forward,TGCAGTCTAGGCATTTCCAA
210273,reverse,AGGAAGAGCGTACGAGTTTACT
210273,forward,CAGGGGAGCCAGGATAGCAT
210337,forward,GCTCTGTGCTTTTAAAGGAGAAG
210337,reverse,AGCAGCATGTTCTCCTTGTGA
210837,reverse,GTAATCCACTGTAGTACCTTGGT
210837,forward,TGCAGGAACCCAGGTAGAAC
210958,forward,CCACTCTGGTCTCCTTCAGA
210958,reverse,CCCAGAAGATGACACCCAAAG
211874,forward,TGCAGGCAGGCGTATCACA
211874,reverse,TTTTGTACAGGGCTATGCTTTAGTG
211878,forward,AGATATGCTGGTTCCGCTCTC
211878,reverse,CAGAAACAACCTCAACTCCAGG
211976,forward,AAAACAGGGAGAAGACAGGGT
211976,reverse,TTTCTCCTCCAGTCTCAACCC
212521,reverse,CATAGATGGGGAGCAATGGGA
212521,forward,TGCAGTCAGGTAGTTACACAACA
213030,forward,CAGCATGCATATCTGTTGTACTCC
213030,reverse,CATTATAGTGCTTGCATCTTTGACC
213227,reverse,CAGAATGACCTGTATGCTAAGGC
213227,forward,CCCTCGCAGGACAAACACA
213913,reverse,CAACGACACAGTGGGCAGGA
213913,forward,TGCAGCTGTAACACCTAGTCG
214855,forward,AGAATGGCTACAATCTGACACT
214855,reverse,AGGGTCCTCAATCTCTTAAATGCA
216191,reverse,CATGCCTGGGAGAGCCACAA
216191,forward,TGCAGCTGTCCAAATTTAATGG
216340,forward,GCTTCTGCAAATTATGGCCTAG
216340,reverse,TTACAAATTCCAGTCAGACAGCTTC
217203,reverse,TCTGGTTAGAGAAGGAAAATCAGCA
217203,forward,TGCAGGTGTTCAGTTGAGCT
217600,reverse,AAAGAGTGTACAAGCGTCCG
217600,forward,AGCCAGTGTAAACTCTCCTGAC
217654,forward,CAGCCTTCCTGTAGGTACCC
217654,reverse,CCCTCCTCCATGACATCTGG
217678,reverse,AGTGGTACTGGCTGTGTACT
217678,forward,TGCAGCCCCTGTCTGTTTAA
217973,reverse,ACCCCTGTACAGTGGTCCCT
217973,forward,GCAGGAGCTGAAAGAGGACA
218365,forward,TGCAGCTCTCTTAGACAATGAGA
218365,reverse,TGTAATGGCCAGTGGAACCC
218508,reverse,GTATCCAAGCGCGGAGTTGA
218508,forward,TGCAGGACGAAGATGCCAG
218518,reverse,CACAGCAGCGGAGTTCTGAT
218518,forward,TGCAGCTAATCATTAACCCCTCG
218657,reverse,AATGAGGATAATGAGTGCCACCT
218657,forward,CACCTACTGCTCTCTGTACTAACT
218794,reverse,GATGTCTAAGCCAGCCCATTG
218794,forward,GCAGTAGGTGGAGAGACAGC
218866,reverse,ATCCCTCTCTGCCCAGCTCA
218866,forward,GCAGAGAAAGCAATTGATTTGACAG
218879,forward,GCAGGATAGCCGCTTCTCAA
218879,reverse,GCCAGAGCATGCCAATTTAGC
219136,reverse,AGGAGGGGTCAGTGTTTGTT
219136,forward,CATGGAGCAGACCCTCAGAC
219191,forward,AAAGCTCTCTTTCATTGCAGGA
219191,reverse,GTGGGCTGCTACTGAATGCT
219245,reverse,CTTCAGTCATGTCCCCTTGGA
219245,forward,GCAGTATATTAAGTCATTGCTCCAGAG
219421,forward,CAGAGATCCTGCAGAAACCC
219421,reverse,TTCGAAGGGCAGGTGTACTC
219448,reverse,ACATTCCTCAGAGAACACCAGG
219448,forward,TGCAGAGTGAATGGGTTGTAGA
220605,reverse,TAAAGTGTGGAGGGGTGGAG
220605,forward,TGCATCCACAGCACACTT
221185,reverse,GGAAATAACCGTGAGTGTTGTGT
221185,forward,TGCAGCTCCAAACAGTGTTT
221367,reverse,GAGTTGCTGCACCGCTACCT
221367,forward,GCCGCCACTTCGTTGATTG
222160,forward,CAGAGACCTGTCATTGGCC
222160,reverse,GGTTTTCCTGCCTCATCCTCA
222290,reverse,CCTTAAAAGCACTGCGATGACA
222290,forward,CTGGCAAACGCATCGCACT
222470,reverse,CCACCAAGAGAGAACATTTAGATAGTG
222470,forward,TGCAGGCCTGTTTCAACA
223370,reverse,AGAATGCTGACGGTAGTGAC
223370,forward,CGGAGGAGACCCAATGGAAG
223817,reverse,AACTAAGTGCAGTATTGGGTTTTCC
223817,forward,TGCAGAACTGAGAGGGAGA
224414,reverse,ACGTTTTGCATGATACTGGGT
224414,forward,CACAGAGGGGTGCATGGGAA
224812,reverse,GATACTGACTGGTTGAATGAACTCG
224812,forward,TGCAGAGGAAGCAGGTTAGA
225424,reverse,CATGTGGTGGTTCCTGGAAT
225424,forward,GCAGGCACAGATACAGAAACAC
226291,forward,GCAGGTTTTGTGGTGATACCC
226291,reverse,GCTGGAATGATAACTGGAGTGA
226490,reverse,TGAGGACAAGCACAGCAGAC
226490,forward,TGCAGCCAATCAAGGGGT
226558,forward,CAGCAGCAACAGCAACTCC
226558,reverse,TCACACAGGGCATAACTCCG
226783,reverse,GGTGATCGGTAGCCAGTGGA
226783,forward,TGCAGAGCTGAATACAAACTGG
226961,reverse,CAAATGCATCGTGAAAGCCT
226961,forward,TGCAGTTATACCTCCTATCAAACCT
227045,reverse,GTTGGCCTCCCTGTGCAATT
227045,forward,TGCAGTTCCTGTAAATAAATAGGCG
227155,reverse,GGTGACAACAACTGAGAGTTTT
227155,forward,TGCAGTTGAGGAGAAGAGTGC
227565,reverse,TACAAGCAGCACACCACAGT
227565,forward,TGCTTCACACAAGTACACACTG
227896,forward,GGGCATTTGATCCCTTGACA
227896,reverse,AGCTTCTGTGATTTAACTGCACTC
227903,reverse,GGGGTTGTGGAAGCACAGA
227903,forward,TCTCAGTGATTTAGAGAGCGGTG
229120,reverse,AACTGTGTACCTCAAATCCAACTTC
229120,forward,CAGTGGCAGTGTATGAGTGTG
229357,reverse,CTCAGTCTGAGTGGCTCTGG
229357,forward,TGCAGTAAGAGAGAGAGAGAAAGA
229396,forward,CCACGCATTCCAGCACTCTC
229396,reverse,CCCACAAGTGTCTGTTCAAACT
229720,forward,TGCAGGTTGACAGCACAGG
229720,reverse,GGGAAAGATTGTAGGCGTCTG
231918,reverse,AGGATCTCTTCATAGGTGACGAC
231918,forward,GACACTCACTCACGGGACAC
232855,forward,CATGCAGTGCTGTGTGAGGA
232855,reverse,TGTTGAAAGGAGACACAGCC
233053,forward,GCAGTTCTTCTTTGTTAAGGAAGTC
233053,reverse,TGGTTGTGGTATTGATGTGAAACTC
233459,reverse,CACCGTGGAGAGCCTAACAG
233459,forward,TGCAGCAGGAAGTAGTAGAGG
233558,reverse,GAAGCACCGACCACCAAGT
233558,forward,TGCAGGCTAAGCTCCACAC
234563,forward,ACTTGCAGTCACACAGTAACTCT
234563,reverse,CGGACTCTGAGCAGATGGAG
234789,reverse,CGAAGGAGGAGGCAAATGTG
234789,forward,GCTTCTTGCGTCTTAGTCTCTCT
235204,reverse,ACAGTAGGTATAAAGCCCACTTG
235204,forward,CTGAAAGCTTGGTCTTAACTAGCA
235536,reverse,AGGTACTGCTCATGTGTTGAT
235536,forward,TGCAGTAATACGGATGTGCCA
236089,forward,CCAGCCTAGGAGAGCCATTG
236089,reverse,GGAGCCTGCGCATAAGGAAT
236386,forward,CAGGACTGCTGCTCTTGAAA
236386,reverse,GTGCAGTAACGAGAAGGGGT
236561,reverse,AGTCAGGGGTGATGCCATAG
236561,forward,TCCAAGGGGAGCTCAGCTT
237154,forward,AGTGGATGACAGTGCTATGCA
237154,reverse,CTCTGCACAGTGTGGGGTTT
237612,reverse,CAGCCATGTCTGTCTCAAGA
237612,forward,TCTGTCCTCCCTCTCGGTCT
237738,forward,CAGAGGTAGAGCTGCACCAG
237738,reverse,GACTGGTGCTGTCCTACCTT
238304,reverse,GGACAGTGTGGCAGATGAGG
238304,forward,TGCAGCTAATTAGGTCAGCCA
239077,reverse,CAGGAGTTGACCCTTGGGAG
239077,forward,TGCAGATATGGGAGGGGTCC
240893,forward,CAGGTCACCAACTGCCATGC
240893,reverse,TTCCACAGCACCCTTTCTGG
241707,forward,TTTTGGAGTACTGGGCTTGGT
241707,reverse,GGAAACTGTCAGAGCCAGGC
242619,forward,AACCAGAGCCTCCCCGTAGA
242619,reverse,AAGCTCCTGTAGTGGCATTTACT
242785,forward,ACAGAAGTGACTAAATACCAGGAAC
242785,reverse,AGCCTGTCCATGCATGCTTA
243821,reverse,GCGACCACATCCTCCACTGT
243821,forward,TGCAGAGCTGAGTGTTTCGA
243879,forward,TGCAGCATTGAAGGGGCTC
243879,reverse,GGTGGGCCCTTGTACATTTT
244728,reverse,ATGGGTCACTGCGCACACA
244728,forward,TCATTTTCATGACCTTTGCCCA
244779,reverse,GAAGGAGCCATGCTGTGCTA
244779,forward,TGCAGCGTTCTCGGACTTT
245566,forward,TGCAGCAGAACTCAATGGCT
245566,reverse,TTTTCAAAGCTGGACGTGGA
245597,reverse,CAGAGAGAGAGAGAGATATGCGAC
245597,forward,GTTGGGAGCCCTGTGGAATC
246243,reverse,GGAATGCTCCCATCTGTCTGT
246243,forward,GTGCAGCTCCCTCTCACACA
246367,forward,AGGCTCCCTCTTTGTAGCTG
246367,reverse,ATATCACAGGAAACAGCAGACT
247913,forward,TGCAGGGAACAAGCTCTTATCA
247913,reverse,TTATCGCAATAAACACTCCTTCGC
249034,reverse,GACAGAAATCTCAGCTGCATC
249034,forward,GCAGTGTTTTGGTATTGTGATAAGC
249061,reverse,AGGTGCACCATGGGAAGATG
249061,forward,TGCAGCCATCTTGTTCAACAG
249547,forward,CAGCTAGCCTGTCACAATCCA
249547,reverse,TTTTATCCATCACGTACCCCTCC
249772,forward,GCAGTGTTCCCGTTTGATCTG
249772,reverse,GGAGTCAAATCCACAGCACTG
249904,reverse,CAGGATTGCCCCAGTTGGAG
249904,forward,CAGTGGAAATGCTGCTAATGG
250697,forward,CGAGCTCCACTTGCCAGTAC
250697,reverse,TGCCCTGCATCGACGATTC
251113,forward,CAGTGCAGCTCCAGTCTCAT
251113,reverse,CTATCCCGTCATATACCTGTATCACA
252105,reverse,TCTGCAAGAGGAGGGGTCTG
252105,forward,TGAAGGACACGCTTCAATGT
252960,forward,AGTCCAGGGCTCCACTTCCA
252960,reverse,AGTGATTATACAGTGATTTCCAGCC
253826,forward,CCAGCTGGCGATTGGTTTG
253826,reverse,TTTTCTCCTGACCTGAGCAAA
254153,reverse,CAGATTTGGTTATGCAAATGTGTCG
254153,forward,GTCTGTCCATTAAGACTAAAGCTGA
254235,reverse,AGCTTCTGGTTTGTCCCATTG
254235,forward,TGCAGACACAAGCTCAGAGA
254591,forward,AGCCAGCTGACAAAGGTTT
254591,reverse,TTCTCCTGACCCAAGTGCAA
254676,forward,TGTAGGTTTATAGGATGGATGTGTG
254676,reverse,TGTGCCTTAACAGACCTGGG
254720,reverse,CCAAGGCTCTTGGTTTTCTGT
254720,forward,TGCAGCAGATTTCCAGGGC
254776,forward,GAAACATTTCTCCAGCGTACACT
254776,reverse,TTGCCATAATGACTGGGTTTTATCC
254866,reverse,ACATGGTTTGGAATCCTGCT
254866,forward,TGCAGAGGGATGTAGGACC
255614,reverse,ACGGTAGTGTTGTCCATCTGG
255614,forward,TGCAGGTGTTTCTGGCCTTG
256941,reverse,AAGGGCTGGAGTTCATTCCTG
256941,forward,GCAGAGAGCCCGTCGATCAT
257118,forward,CAGGACGGATCGCTTCACTT
257118,reverse,CCCCTTTTCCTAACGGACTCC
257183,forward,CAGCCGTCCTCTTCCCCTAT
257183,reverse,TGGGAAAACAACAGCAACAGC
257308,reverse,AGCTGGCGATTACATTACTAAAGG
257308,forward,TGCAGAATTCTTTCCTTTGTGC
257781,reverse,CAGATGTCACAGCCGTACAT
257781,forward,TGCAGAGCCTCTTAACCAACA
258155,reverse,TCAAGATGAAGGCTGCATAGTGA
258155,forward,TGCAGTACACGTTTCTAAGGGA
258157,forward,GCAGTATCCTTGTTCCCTACA
258157,reverse,GGTCAAGGTCCACATTGGT
259429,reverse,ATCACCTTTACGCCTCGAAG
259429,forward,GCAGGCAGTTTCAATTAAAACC
259478,forward,GTATTCGAATACCATGGCTGCA
259478,reverse,TGTGGGCCAGAGATGGTGT
260076,reverse,GAAGCCAGTTCTCACAGCAG
260076,forward,GCAGGACAGATTCAGTGTGC
260416,reverse,CTGGCCAATAAATTGACCCTGC
260416,forward,GCAGTCACTTTTATGTGTACATGTG
261693,reverse,GATGTCAATGGTGCTCAATCACT
261693,forward,TGCAGCCTTGAGTACACATAA
261770,reverse,GGGGTAAAGTAATCGGGCACT
261770,forward,TGCAGCCAGACAATAAGGTT
262588,forward,CAGTTGGTGCTCCGATTCTT
262588,reverse,GTATTGAAGCACTCAGGCACC
262923,reverse,CACGTGGTGTCCTACAATCTG
262923,forward,TGCAGGTGATAACAGTTAAGGA
262975,reverse,CTTCATCTACATTAAACCCTGATCC
262975,forward,GCAGGGCTGTCTGTAGTTC
263648,reverse,AAATAATGAACACAGTACCAGCTCG
263648,forward,TGCAGCTTTTGGACTTTAAGACAG
263766,forward,CAGGCAGCTATGACCATAAAATACT
263766,reverse,GCCACCTACATGACTGGAGT
263906,forward,TGCAGTATCCGCTCAAGCC
263906,reverse,TGGCTGTCACATACACTAGAACA
264104,reverse,CCCACAGGGCAATCTAATGG
264104,forward,TGCAGTAAAGGCAGCTCTCA
264754,reverse,AGTACATCTCACATGCCAAGT
264754,forward,TGCAGTGAATAGCTAACCGAA
266147,forward,CAGATCTCATCTCTGGGCCTG
266147,reverse,TTAACTGAAAGCCTGAATTACCCAG
267018,reverse,CCTCTAGGAACCTGGGATACA
267018,forward,GATCAGGTCCTGGATTGCCT
267193,reverse,GGGTATACCATTGGGATAGCC
267193,forward,TGCAGCATGAGTCACGGAC
267259,reverse,CCCCTGCTGGACTATCTCTG
267259,forward,TGCAGCATCCTTACCTGTGT
268043,reverse,CGACACACGTGGATGAATCTG
268043,forward,TGCAGTAACGTCTGAAAGTGT
268500,forward,GGAAATCCTTCAATGCACATGG
268500,reverse,TGGTTATCTCCAGGCTTGCA
268880,reverse,GTACACAAAAGCGAAGATCAAGAAAGG
268880,forward,TGCAGGAGTCTTAGAGAGATGTG
269050,reverse,ACCCCAGCCTTGTTTCACTG
269050,forward,GCAGGCTGACTAGTTTTCTTCC
269425,reverse,CCTTCTCTATCACGGTCTCCTG
269425,forward,TGCAGCAGAGACCGTTTCAT
270451,forward,GCAGCCAAACTCCTGTTAGC
270451,reverse,GTAAAACGAGGTATTTGAGAGACGT
270867,reverse,GGGGAATTGGCACTCATGT
270867,forward,TGCAGAAGAACAAGGGCATG
271475,reverse,AGGTCAGTGAGCTCAGACTG
271475,forward,CTCCTGCACAGCCCCTCTTA
271583,reverse,AACACAAGACCCGCATTTCA
271583,forward,CTGTGTGCATGAGATCTGTCT
271829,reverse,GGTGAAACTTACCACAGGCA
271829,forward,TGCAGTGTTCTAGGGTAGAGC
272576,reverse,AGGACTCTGCTTCCTCTGACA
272576,forward,TGCAGGCAGAATTGTAACTGG
272956,reverse,AGCAATGCTTGAACATGAACTCC
272956,forward,GCTGTAGGCTACTGTATTTGGG
273245,reverse,AGTGGCCCTCTTGATTAGCG
273245,forward,CAGTCACAGATCTCGGCACC
273956,reverse,AGCGTGACTGGAGGAATCC
273956,forward,TGCAGGCTACCTTACCATCT
273978,reverse,GGTTTTGGTATGGAGTTATCTACAG
273978,forward,TGCAGAACTACATCCAGAAAGT
274016,reverse,AATCAGAGACTGTTAACAATCCCTG
274016,forward,TGCAGTTCACATCCCTAGACA
274305,forward,GCCTTTGCTGACTCTCTCTCG
274305,reverse,TGCTCCTTCTCAATCAGCTGA
274911,reverse,GCCTGCAGCCTGGTGTTTT
274911,forward,TGCAGTTTGACAGCAGCTGG
275786,reverse,AACAACAAAGCACATGAACAGC
275786,forward,TGCAGTGTATATTTGCCAGGTC
276743,forward,ATCCTGCCACACACCCATAC
276743,reverse,CAAATTGCCACTGCCTGCTG
277101,forward,TGCAGCTCTGTATTCCATATGAGG
277101,reverse,TGTCAACTTAAGGACCTTTGCA
277956,reverse,CCTCTTCGGGCTAGGTACCT
277956,forward,GCACCTAGCCAACCAAACCC
278542,forward,CAGGTGCAGAGTCACAGTTACT
278542,reverse,CCGCTTACACGTGCAGAACA
278611,reverse,CCACTCGAACACAACCAGGT
278611,forward,TGCAGTACAAATGGCACCCG
284921,forward,TGGGGATCACACACAGGACC
284921,reverse,TTCCAACATTGTGAAGATCAAGGC
294586,reverse,ATGTAGAACATCCAGGAACATCACA
294586,forward,TGCAGAAAGGATTGGTGTTGC
299092,reverse,AGGAAGGTGGAAGGTACTCTT
299092,forward,TGCAGATGTTTTCAACTAATCCTGC
311026,reverse,ACAGGAAACACTAATGAAAAGCAGG
311026,forward,CTACACAGAGCAAAGAGAAGGACT
312422,reverse,GAGCTCTGAAGTCTAGAAACATGC
312422,forward,GCAGCCTGCGAAAACAAA
312857,reverse,CTTCTAGAAGGATTTCGGTAAGACCA
312857,forward,TGCAGAAGGTTGTGAAGGTG
323258,reverse,GAGGCCCTCTAGACCACATC
323258,forward,GTTGCAGTTAAAGATTAAAGCCAGC
336630,reverse,TCAGTGTCCTCGGTGCTTCT
336630,forward,TGCAGTACTTCCCTGGTGTC
351613,reverse,ACCCAAGATGGCCTGCATAG
351613,forward,TGCAGTTCCAGCAGCATCTC
352440,reverse,GAAGAAGGTCAAGGCTTCCA
352440,forward,GGACATCTCCTGCCCCTCTT
359660,reverse,CTCACGAGTTGGATGTGCC
359660,forward,GCAGAGCAAAGCCTACAATGG
361583,reverse,AGGAAGGATGAAAGCATTAGTCTTG
361583,forward,CAGCTAGCCTGTCACACTACA
375475,reverse,AGAAGGCTAAACATGCTGACA
375475,forward,GCTGTATGCCTCTGTAACATGA
376710,reverse,TCGGGGAGGGAGCTGTTGAT
376710,forward,TTAGTGCATTTGTTACCATGGGTTC
377979,reverse,CCTTACAATTTTCATCTACGCCATG
377979,forward,TGCAGGCAGATGAAACCAAC
380372,reverse,AACACCTGTCCTCTTGTCCT
380372,forward,CAGCATCTGTCTTTTGCAAATG
421336,reverse,AGCTAACCCAGGCCAATGC
421336,forward,TGCAGCGAGTATTGTTGAGGA
448474,reverse,CTAGACAGCCACCCCAAACT
448474,forward,GCAGCTGTTGTGCCGAAAAG
1173714,reverse,AAAGCATCCTGGCACCTGA
1173714,forward,TGCAGCGCTGTCTAGACA
